username,email,gender,password
rjuszczak0,kbaudinet0@surveymonkey.com,Male,UynWuFl
lgue1,llefriec1@cornell.edu,Female,BtqcIFdHSbH
mgreenless2,jkaplin2@smh.com.au,Female,baCk32P
awhitsey3,aveld3@scribd.com,Female,FpNZ2WTa
jreah4,cjobbing4@ocn.ne.jp,Male,ev1lv2kqEK
rmottram5,ajanu5@utexas.edu,Male,eLfWoBUE2E
rchadbourne6,esellick6@sciencedaily.com,Female,zpoJr7gUoB5G
lmettericke7,epriest7@abc.net.au,Female,NshbIdQMRD7
gjosephov8,pmerigeau8@ow.ly,Female,wmx7A8n42nHQ
emorales9,spohl9@oracle.com,Male,uGeLvc
mverdena,rbourthoumieuxa@netvibes.com,Male,Hhn5Zvsz1tQV
mfullstoneb,upretorb@google.co.jp,Male,MVrAQI
tcaretc,acoolbearc@patch.com,Female,LuDXgkC
fclarad,zellind@ask.com,Female,CHYwUO
tglande,gslyvestere@bizjournals.com,Male,IZuL0J24u6yV
bpelchatf,aexterf@jalbum.net,Female,0ryS3FWS5c
eartinstallg,meveralg@usatoday.com,Male,3tfEDbM
mswansburyh,cdaverenh@cargocollective.com,Male,LnutDcMYKm
podohertyi,cmacshiriei@go.com,Male,Gu0RkTL
scrangj,ggangej@tinyurl.com,Male,8KFjClhBf
dvedeniktovk,adadswellk@reverbnation.com,Male,YM4tiBt0
aschellel,tspillerl@jiathis.com,Male,ZRh7FsSH
nlenhamm,tmanueaum@reuters.com,Female,C7xXLh
abrosken,pwhitewayn@foxnews.com,Female,hca5TTsI
cvarrowo,rhendrono@ovh.net,Female,EcnXVSz
vsteuhlmeyerp,kmiskimmonp@answers.com,Male,bSGgSw
gclousleyq,agoulleeq@cdbaby.com,Female,YUMdEFf
epionterr,kmilsteadr@wufoo.com,Female,ZzFZCdsOu34
wbasnalls,jceelys@github.com,Male,5JqJPpRIa0
ldurantet,ssouttert@aboutads.info,Male,6RMABo
abangiardu,vvaldeu@ehow.com,Female,ICCWojDNfYmU
gwilkissonv,nmurrigansv@cocolog-nifty.com,Male,SeFDg33RHr5t
lgrishinovw,bjachtymw@tuttocitta.it,Male,H5Zwa0S
ebeeversx,mstandbrookx@altervista.org,Male,JviOA7sa
acrollmany,wmarmyony@goo.ne.jp,Female,jnpB81
mmcgorleyz,pgariochz@huffingtonpost.com,Male,KMg3fEJbx
eparmiter10,jvolcker10@google.com.br,Female,v2ZxJg
lmcclurg11,hlumsdall11@sogou.com,Female,DKVwxYFbC
gvinnick12,emorgans12@freewebs.com,Male,Nm8q5Rb0IwK
hjoseff13,tdraper13@ed.gov,Female,LJnkxJCFPE
snisbet14,dhamel14@wikipedia.org,Female,eUJjKJgslX6j
ccrookes15,cmcgarrity15@unblog.fr,Male,AtHDWn3
gillem16,syounglove16@flavors.me,Female,ZpWcG6XjynM
mallin17,iclubb17@scribd.com,Male,VjmGRQk8LL
araleston18,sshergill18@list-manage.com,Female,Q4jYuE9v
ahesey19,gmccathie19@hp.com,Female,2AIcmfuzHq
lspering1a,mallett1a@earthlink.net,Female,HqDxW85pNy
gdobbings1b,bwitling1b@bizjournals.com,Female,HiKjA709
hyellowlee1c,sdadda1c@globo.com,Female,UTUjr9hV
rfortman1d,smcrannell1d@boston.com,Male,Wcaw7wTqAq
mthoresbie1e,ggrayley1e@hatena.ne.jp,Female,gY63rhVnXURC
cduckett1f,hospillane1f@lycos.com,Male,UD8HP7
cwillas1g,mmenel1g@gov.uk,Female,gL3AsP5
tderington1h,jwetton1h@weibo.com,Female,RCMCyuGu3
kshout1i,bbrierley1i@sciencedaily.com,Female,QRcXCnwi7IF
ssnaddon1j,cevenden1j@spotify.com,Male,1VSUndg
osherbrooke1k,hmathys1k@businessweek.com,Male,KBkpRk1Ufp
bbowser1l,rpollock1l@imageshack.us,Female,JFO8id5UO
bboecke1m,fdoggart1m@nationalgeographic.com,Male,Bmq3ANS7rc
rkime1n,lkneaphsey1n@woothemes.com,Female,tGAFGQzM
whulse1o,anorvel1o@wikimedia.org,Male,rvtANMEEUDi
bromanski1p,mmarr1p@imageshack.us,Male,1LRXpeuALw
cwilloughley1q,tjoselevitch1q@biglobe.ne.jp,Female,OtJpRjXDBj
eeverix1r,kkall1r@cocolog-nifty.com,Female,ZWa5AKpv2Djm
dwrathmell1s,lmackellar1s@aboutads.info,Female,Jy3XUr7WMQ
ncanter1t,neads1t@g.co,Female,Pcsuj3Ch
jcafferky1u,eerni1u@jigsy.com,Male,pdb1H84f
aobin1v,rbilbery1v@time.com,Female,XD1HKYA
mcorlett1w,jshyre1w@myspace.com,Female,daYBcqQ
dbuckthorpe1x,mformoy1x@blogtalkradio.com,Male,m3AUIMtjo
bravenscraft1y,ctouret1y@statcounter.com,Male,PBBqyLwr
mlokier1z,wsnowling1z@time.com,Female,3zrVflqV
sgribbin20,bgilby20@jimdo.com,Male,seKP5v
nthorburn21,itrundle21@netvibes.com,Male,6MJIaUaND1Eg
kseakin22,wbrosius22@discovery.com,Female,jDanE8
vmaron23,wcasini23@princeton.edu,Female,c7AlBla
abinder24,mstanion24@stanford.edu,Male,W7IiZR
lkruschev25,llantuff25@woothemes.com,Female,tCGdVtUiXwg5
bjentgens26,msoldi26@infoseek.co.jp,Female,f9599HTwA
ntyreman27,hwhifen27@wunderground.com,Female,DYIkwQNj
bschwandermann28,fblundan28@economist.com,Male,ZEp56KTm
atregent29,cmcelwee29@xing.com,Female,1YXJJPy8ec
owintringham2a,kpeirone2a@reddit.com,Male,4O7PoPndSEs
chuscroft2b,ifortnam2b@shop-pro.jp,Male,iUyMx3
kpembridge2c,tvanderbeek2c@storify.com,Male,e1hqAjFHEw
lomara2d,ylarkins2d@pen.io,Female,seo9bxxu4
aboodle2e,aconers2e@hostgator.com,Female,yjb1NHD3IovW
dstallon2f,vsentance2f@fastcompany.com,Female,5C7FfY4UsJ
ldarwent2g,demmitt2g@reddit.com,Male,jeUAIipRR
kmcturley2h,gpardy2h@jigsy.com,Female,aagqQZilfML
pdeevey2i,lmichelotti2i@booking.com,Male,7lxVpOP2EV
santonopoulos2j,aaplin2j@4shared.com,Female,R6PwCdInuPs
cdoxey2k,mcockerell2k@salon.com,Female,uIjWlx
psaterthwait2l,ebedlington2l@businessinsider.com,Male,jMfB6h
kboddymead2m,bjeaycock2m@topsy.com,Female,O7KIc8YD0nSc
whugnot2n,ejantel2n@alibaba.com,Female,qYS808
sgrishelyov2o,zmacalroy2o@discuz.net,Male,vjSS78
nwoodfine2p,ajacobsohn2p@engadget.com,Male,9E9p67
stiron2q,lughetti2q@blogger.com,Male,mCnweZgd
oclaricoats2r,jwhitwell2r@nps.gov,Male,NXL0NEId
aribeiro2s,wlipscomb2s@soup.io,Female,P7BOqt
doehm2t,mmcalroy2t@vkontakte.ru,Male,iyCUrq
fguiot2u,klivesey2u@army.mil,Female,DSG05OOOhR
mburnsell2v,bbleckly2v@army.mil,Female,NSoRz7Tu2
stertre2w,kbattershall2w@sbwire.com,Female,iOLuePuCfw
emckerton2x,bjan2x@clickbank.net,Male,Bm1LTKjdrN
emattia2y,kquidenham2y@icio.us,Male,eU7vrUS
ldot2z,aoverall2z@ow.ly,Female,Wet3O8Fr
jsendall30,jrosoman30@jigsy.com,Male,mU7L5Lic6
mscambler31,mstalf31@hc360.com,Male,QSDBTQkJ9ys8
nartist32,lblanc32@csmonitor.com,Female,n3uKEOqQ
mbent33,fframmingham33@jigsy.com,Male,IE0yisLm
cgerriessen34,bblakemore34@woothemes.com,Female,8lUBk2PV
acasarili35,pkennifick35@yahoo.com,Female,qzyWQBSc
btrighton36,rholhouse36@wikia.com,Female,40BjPtW0
cgreystoke37,lhaddleston37@google.cn,Male,mxrvqSycU
whabbema38,adanford38@blogtalkradio.com,Male,nqcfxQmgJ1
vcashmore39,cedwicker39@dot.gov,Female,IjjIZ9Z
slunny3a,jianelli3a@clickbank.net,Female,3BCwleytHER
dpenvarden3b,vmacmenamin3b@nasa.gov,Male,R5ALGFp8
sbrigden3c,afrancescone3c@weebly.com,Female,IUc3Swi
aeckley3d,vhughlock3d@java.com,Female,YbBj4R
elantiffe3e,snairn3e@pen.io,Male,ChPyxUF3
mrandlesome3f,gthacke3f@who.int,Female,B52dwm
vkarpenya3g,cbreckell3g@reddit.com,Female,dO36CiKccG
mgori3h,rmacmorland3h@imgur.com,Female,9Bb36BXc
ibulman3i,cogleasane3i@shareasale.com,Female,lT7Ni2O
dgirodon3j,lladlow3j@dedecms.com,Female,3RbA9yyxgL
kgovier3k,vchampkins3k@discuz.net,Female,OsA7xLhxMMmD
hescalera3l,eflaxman3l@businesswire.com,Female,XNB5ZskELl
ndeboy3m,kwhitelock3m@intel.com,Female,aw2n5W8P1R
tnortham3n,malesi3n@pbs.org,Male,ZyME4l
craithmill3o,gtorbett3o@shareasale.com,Male,7qYjV9
bferneyhough3p,kluttger3p@nba.com,Male,OZQSMh
hnadin3q,cedes3q@prnewswire.com,Male,ksokC7vDy6pe
drupke3r,lgreenin3r@opera.com,Male,OvFrcAi0fN
sbagshawe3s,hclemerson3s@g.co,Male,JURTvE4
dgilliatt3t,hciepluch3t@harvard.edu,Male,0tdXbfMKgmoJ
wearnshaw3u,awhittlesee3u@msn.com,Male,6xrt6F
rsachno3v,cvassie3v@phpbb.com,Male,pp2CHPEDh
hhylden3w,kmedmore3w@free.fr,Male,CzK0QJIVOMCi
slayburn3x,epitkins3x@sbwire.com,Female,d9HRBbOSNWy3
saskaw3y,rstivey3y@deliciousdays.com,Female,oJt4pf
pteanby3z,crootham3z@gizmodo.com,Male,9B3DEdywN
csandells40,gdevennie40@imageshack.us,Male,faVpA0d6HR
rmelladew41,aerdis41@cbc.ca,Male,Lmo3rRTzVcKh
sharling42,brucklidge42@google.it,Female,ZR8Q4TULlIc
clatorre43,ejacombs43@sfgate.com,Female,FbFEU1bOwCv
sdericot44,pescolme44@alibaba.com,Male,1SDc4dZSzbb
lwhitehall45,fhollerin45@dailymotion.com,Male,aoBnRUO5PUe
sdrain46,cmoncaster46@adobe.com,Female,BuWvNUtR
aperrelli47,sburden47@senate.gov,Female,izmAX3ig5ttZ
sraffan48,phutsby48@shop-pro.jp,Female,j5LbDCB8f
vcarabine49,ewitard49@accuweather.com,Male,iLLNpO
dseabrook4a,bandriesse4a@icq.com,Female,MQ1r1K
rhunter4b,sboxall4b@theglobeandmail.com,Male,AqxWwSEetWv
pslane4c,sfettis4c@nba.com,Male,Es5rse
zbonnaire4d,jilson4d@newyorker.com,Female,l0keCJ4azyC
ncorbitt4e,scoalburn4e@irs.gov,Female,9d4fpTx
rmumbray4f,cdewfall4f@goo.gl,Male,l6gcJR
sgorini4g,adonhardt4g@tuttocitta.it,Male,OFeC0MyP
hbiesinger4h,sswaisland4h@princeton.edu,Male,pceO1H
cgoodredge4i,asteart4i@ning.com,Male,V3VhqseOhxa
amaughan4j,mshermore4j@npr.org,Male,pv3uSyEjGcX
elakenden4k,pcotterel4k@gizmodo.com,Female,Pd87BCYLOu
lwhitehouse4l,wlovart4l@parallels.com,Male,fjB9CrUSKb
nmacginney4m,jkubiczek4m@360.cn,Male,OmlNQq
mcornes4n,aheadey4n@wiley.com,Female,XOHlT9jjAxUK
shurne4o,wkunzler4o@dagondesign.com,Female,aHdfsuRd1Qxr
jevens4p,nottewell4p@constantcontact.com,Male,zAAnQ03x
drattenbury4q,jmcmyler4q@jugem.jp,Male,7jgbCr3C1
rdyott4r,crowston4r@zimbio.com,Male,QPFX57UwJL
mcaws4s,bnormavill4s@google.it,Female,Cp9KWq
npetrusch4t,pbonar4t@chron.com,Female,juStPEZ
fsterling4u,twedderburn4u@goo.ne.jp,Male,R9NYC95PgNW
cmatthiesen4v,csollner4v@nasa.gov,Female,IEU9AuG
ayakubovich4w,hvanniekerk4w@weibo.com,Male,GGNYQONIK5B
ynassie4x,mkendrew4x@hp.com,Male,wJjnzWWrwG
mmunns4y,zzanioletti4y@weebly.com,Female,Ysmzn4
tgabriel4z,rbasinigazzi4z@paypal.com,Female,7zfG05mqG
mcostar50,isynnott50@meetup.com,Female,Z6zHIwLZLtVt
rleyland51,gabrams51@mozilla.org,Male,MDwXS6WnWl7
fanscott52,dpattinson52@netvibes.com,Female,hrpsos1
anewens53,dmonte53@newsvine.com,Male,fYqBHPH
autley54,kpolglase54@jiathis.com,Male,rRCDHBrO
erainbow55,labyss55@prlog.org,Male,9H0qhZP
abeardsell56,rollander56@utexas.edu,Female,9km89cgylLwu
cdivell57,efeetham57@newyorker.com,Female,mN6JhHYJGGl
mgillani58,ccleaton58@123-reg.co.uk,Female,joxP20lgCQO7
jdominicacci59,btunny59@php.net,Male,OUFfkQji
jhatwell5a,aknoller5a@behance.net,Female,GUsTUk
fmoverley5b,tmarch5b@hibu.com,Female,foosUoo6s7fd
ajaneczek5c,gcoling5c@icio.us,Female,D7FHuC
bsyson5d,erodolfi5d@virginia.edu,Male,lABIu3b6AJm
galeevy5e,barundale5e@instagram.com,Male,dUnNYg7Ro
cbrantl5f,walbany5f@tinypic.com,Male,vhtRZjE6wjgP
gkilgallen5g,chatz5g@cargocollective.com,Male,oDWDC1r9bD8
kpele5h,rclericoates5h@dailymail.co.uk,Female,gZ0E01gRC2QZ
gmanketell5i,gsamways5i@myspace.com,Male,U6mK7TVoui
mgoulston5j,dcumberland5j@ebay.com,Male,7Rq7Jy
galasdair5k,lwisker5k@youtu.be,Male,2o6Fa12oPiK
zgresley5l,lcaine5l@bing.com,Male,ERvmul3ZRwi9
lcawte5m,mstockdale5m@hubpages.com,Male,WVVy1N
bdewicke5n,achad5n@ebay.co.uk,Male,1Gten64
gconstable5o,gjanczewski5o@diigo.com,Female,qBPq7MaE4
rletford5p,blowton5p@google.co.uk,Male,zSTdNk
gdealmeida5q,ryeo5q@walmart.com,Male,kftHErSIDU8
rawdry5r,gbraham5r@storify.com,Male,e7QPFEtJ9DKx
rbrothwood5s,dpurry5s@merriam-webster.com,Female,XXZgnUh7plO4
rimms5t,etomasutti5t@sohu.com,Female,OVEAshW
mrains5u,dgrafhom5u@exblog.jp,Male,CWcXs3
rbrise5v,breuter5v@shinystat.com,Female,PZiuJSbArR
mdmitrovic5w,dswindin5w@msn.com,Female,FmJGdnL0YIUs
bwetherick5x,askerme5x@joomla.org,Male,BvidEnsrPnAV
rmcilwraith5y,dbothams5y@pcworld.com,Male,2DdsPv
dtwiddle5z,lyallowley5z@zdnet.com,Female,NxpbvCAqiQ
adigan60,mgrove60@purevolume.com,Female,yG15oHnj
jstihl61,dgaineofengland61@hhs.gov,Female,t1FM6mH3ZxYf
mspawforth62,nbolin62@a8.net,Male,BLLrBw4pWi
thanbridge63,osandham63@narod.ru,Male,TfJYL1ES
itumulty64,akleinzweig64@time.com,Male,LIlCqmoWpw
mmonelli65,hbanker65@newyorker.com,Male,3HKyCBOH
atrowle66,lwebland66@google.ru,Male,JuHSTXu1
rparncutt67,jlhomme67@samsung.com,Female,kR9gdZvGV4
phusby68,osheircliffe68@goo.ne.jp,Male,rPwDnxY
mskelcher69,vscrowby69@networksolutions.com,Female,MsvcP5BH
hessame6a,pdavydychev6a@miibeian.gov.cn,Male,2w0OHI3pxp8m
jburbudge6b,daaron6b@ocn.ne.jp,Male,DWwrwF8N4l6L
jmerryman6c,jolivier6c@biglobe.ne.jp,Male,PXZyXld
mbranford6d,laxtell6d@ycombinator.com,Female,EMPXga4onX
tbeyn6e,msalaman6e@qq.com,Male,drTkE39vG84V
cwoller6f,ecalifornia6f@cornell.edu,Male,gEFs0UBIb6c
geilhart6g,ndennerley6g@usnews.com,Female,WMmFtq
iokuddyhy6h,srubartelli6h@domainmarket.com,Female,08QNXNIDycr7
shenke6i,lfassman6i@wufoo.com,Male,Gh5IKpGj
stattershaw6j,blay6j@washingtonpost.com,Female,2Q2sfVdYBJ
thonisch6k,irobroe6k@alibaba.com,Male,STqYj05f3S
traddan6l,rmaskelyne6l@facebook.com,Male,b3cR99cu9
csteinson6m,crodell6m@narod.ru,Male,TgOcNJCWKn
ikenrick6n,rfindley6n@tripadvisor.com,Male,E8iIuL3Ot
hmcwhannel6o,hbrennon6o@jigsy.com,Male,fDXb6Pqh1
hsnadden6p,ttryme6p@squidoo.com,Male,nv2khY9mZC
csimion6q,tskullet6q@discuz.net,Female,SUecv8e
hstewartson6r,lpyrke6r@sciencedirect.com,Male,divYrr
bbrowne6s,lsandwich6s@seattletimes.com,Male,adpJX5O8I
bbuney6t,kwaylen6t@sciencedaily.com,Female,wFOKkU5Y3
skeysel6u,kneilly6u@simplemachines.org,Male,aDSvUMYL8FL
aconklin6v,mpeaseman6v@yelp.com,Female,I1R7OKnkqE
bguenther6w,phuey6w@mysql.com,Male,pxHUER22
bhaccleton6x,esommerled6x@ycombinator.com,Female,DskHS14q67
egirardey6y,abrooksbie6y@dell.com,Female,8tnoASQn
hhovell6z,dwalesby6z@forbes.com,Female,6CqIRq1DACes
aspikings70,hshergill70@surveymonkey.com,Female,xhLcajB1Q0VH
emcmonnies71,acapper71@imdb.com,Female,n1wcVGpnK
lcurragh72,sroots72@altervista.org,Male,GtaWliR9gBY
dclubbe73,alanfear73@hexun.com,Male,g5tPyNkS
ubaum74,rbessey74@nhs.uk,Female,hFkbu1F6f1
mdarby75,cpollicott75@latimes.com,Female,LSwz1pUYcE1
fpegram76,csapshed76@irs.gov,Female,Uf6m8jtoZix
jdomini77,tbarnaclough77@mysql.com,Female,9uReeuGBy
cshakespear78,fmeddemmen78@washington.edu,Male,w9IjeyC0aOrs
ahabershaw79,tbasten79@ow.ly,Male,w1Hkwd
dmease7a,maucourte7a@examiner.com,Male,MaCur50F1Lte
mroget7b,bcheves7b@businessinsider.com,Female,TlDzRNWK
jsara7c,tbraizier7c@deviantart.com,Female,J8ErW5Mjxt4
nmackellar7d,mhurdle7d@tinyurl.com,Male,abc7xwuRnxQ
gtansill7e,jtresvina7e@wikispaces.com,Female,IIQlk3y7oZD
jbussons7f,owing7f@mozilla.com,Male,BlnftOg
mpitchers7g,dfawkes7g@deviantart.com,Female,gHYj4P4k
jbrunini7h,lmcgurgan7h@about.com,Male,SnSTgcBYtd
efroud7i,afaye7i@state.gov,Male,NXzPBGeCWC
jbaruch7j,mgirault7j@123-reg.co.uk,Male,pziR5Bai1
smarle7k,csisland7k@squarespace.com,Male,U96XBuoOPkq
cwinchcum7l,pthurstan7l@berkeley.edu,Female,qbnYG31bzV01
ynaile7m,lhedden7m@free.fr,Female,4aqtbtAVsN6
goheyne7n,cmosen7n@moonfruit.com,Female,39EvGmF
wtwitchings7o,chulmes7o@who.int,Male,mlL3QomA1K0
fraffon7p,abreede7p@ucoz.ru,Female,8rqjxBVX
stivenan7q,rtulleth7q@instagram.com,Male,lfZGFol0
avautin7r,ypaule7r@webeden.co.uk,Female,gaMEMhiKXdCk
lsilcock7s,dspears7s@nsw.gov.au,Female,mltjwAWNf
diwanczyk7t,wdeddum7t@youtu.be,Female,gE5pu2
ppirouet7u,sgirogetti7u@toplist.cz,Female,4GkUBIk
egaythwaite7v,clusk7v@xrea.com,Male,rkuUiM
apudner7w,dhaskell7w@google.fr,Female,VWlTT5p
vdovidian7x,tolczyk7x@pcworld.com,Female,vCXqp3LDHjQ
bespinoza7y,tcoupman7y@cargocollective.com,Male,QCkrRUcK
dbessant7z,lmarl7z@joomla.org,Female,ohJiZ81tb8vZ
vrennocks80,cjefford80@java.com,Male,zkHi0jvEF8
bpapachristophorou81,jshimuk81@state.gov,Female,X8Pmgkk
cgoering82,awallhead82@webnode.com,Male,QUWUPHmBg
ltrymme83,rradeliffe83@fda.gov,Female,NOkwtB
klinsay84,lmeachen84@fastcompany.com,Male,3pqQD4A
jfelix85,eleggan85@cisco.com,Male,dK4hmbb
odand86,wsommerscales86@sina.com.cn,Male,xn2IBqzzIVU9
wtombling87,ltrewhitt87@nymag.com,Female,0wegMD
sdungey88,ngoodhand88@miitbeian.gov.cn,Female,Cfe0YXwQ
jhatchman89,htillard89@quantcast.com,Male,Vx3LVMn8u3q5
zfilgate8a,sivan8a@rakuten.co.jp,Male,cG9wvPoYCbvb
pmeeson8b,cparadine8b@netlog.com,Female,nKBAYf6xpVfD
dcastellini8c,jbouskill8c@is.gd,Male,S3kiga8pobx
rroubay8d,mchampain8d@guardian.co.uk,Male,WJ5vzdB
rspavon8e,dwrought8e@exblog.jp,Male,KT0Is6TW45D
cmeffen8f,dneed8f@unicef.org,Male,MNpBd1
vtaylot8g,alovekin8g@msu.edu,Female,50qvZgFaaIw
fsansun8h,myanyushkin8h@dmoz.org,Male,H6EdlWDuA
rreade8i,kpennycock8i@hud.gov,Female,RGDt5SANkV
ggates8j,ebraycotton8j@ihg.com,Male,WwRY1a
tkelling8k,jferraraccio8k@umn.edu,Male,uf4ZXmb3xI
lguerry8l,msimek8l@zdnet.com,Female,rHItVpW
kcolbeck8m,dsnelling8m@mysql.com,Male,6JIdO11
agerren8n,jcometti8n@phpbb.com,Female,imx06UOhKoL
ktracey8o,zstratton8o@freewebs.com,Female,Z8tV1KJm
arudman8p,bbecraft8p@slate.com,Male,VnOkQM
tcolson8q,jkembrey8q@yahoo.co.jp,Male,0FVznksgay0G
lrouch8r,jmingard8r@example.com,Male,bjZjmA
imasterman8s,esteinham8s@engadget.com,Female,19Eo7skzBwr
dkenwood8t,edawdry8t@latimes.com,Male,q7HYiE7rwIgL
tskakunas8u,ahumpage8u@cnn.com,Male,jNWna5Gw
adibdin8v,grathe8v@yolasite.com,Female,UXAE61f
ilinney8w,elockhart8w@merriam-webster.com,Female,0QfXKmBXEEf
vmacrory8x,abofield8x@istockphoto.com,Male,4Mxdx4
gstedson8y,eshawcroft8y@mediafire.com,Male,0W5i5p0uvVQg
epolack8z,dpiniur8z@nationalgeographic.com,Male,ZtKBfZIEWh
dbruyntjes90,bgrinov90@clickbank.net,Female,4hxxLcioA1
vfurlonge91,plermit91@meetup.com,Female,IqBdqtldK2K
lvince92,erider92@accuweather.com,Male,fdlEDz1xKY
cringwood93,srospars93@g.co,Female,ESCXItxK9Z05
cnys94,cmulran94@youku.com,Female,0vD8ZnZyb
tnovill95,vturner95@fc2.com,Female,I97m20zy
kbumford96,hgaudin96@hhs.gov,Male,nRB6EuhIw7
acousins97,khallybone97@fc2.com,Female,V851oZI5s
kextil98,mhairs98@rambler.ru,Female,qysCZu8vuORX
ksommerscales99,tfernihough99@ifeng.com,Male,J76kCZ
egavey9a,jmarcinkowski9a@tinyurl.com,Male,xxcS6d
vriddler9b,rlaible9b@infoseek.co.jp,Female,2fDG0q
pspeakman9c,mweatherby9c@state.gov,Female,eufThQ27lVK
bancliff9d,abercher9d@gnu.org,Female,cczGGGLuehT
fsutcliff9e,bkeggins9e@wiley.com,Female,1lgUVi
rcrossley9f,gspendley9f@pinterest.com,Male,W1d9eOQvGO9f
novery9g,gsidden9g@theatlantic.com,Female,nJIUgVzGyGb9
mbelliveau9h,gaspey9h@ebay.co.uk,Female,LEhen4d8x0
edaymond9i,mbleibaum9i@cdc.gov,Female,1Sps3B8Pd
kbeebe9j,nlortz9j@mashable.com,Male,KArb9B
dgoodings9k,akeegan9k@behance.net,Male,Q3Ad5Rc3e
adales9l,aclipson9l@techcrunch.com,Female,AUxFszwF3
avernham9m,eferrillo9m@oakley.com,Female,7tDUKCo1xVQ
sgreeves9n,rtramel9n@usnews.com,Male,h7T4qZoftQmV
ltassell9o,cpettifer9o@delicious.com,Female,DY0q4K
chargate9p,rliggins9p@1688.com,Male,0YFnGYlw
agopsill9q,tjanjusevic9q@mail.ru,Female,0tzdouNoe8Db
biacobassi9r,brookesby9r@wp.com,Female,NzabRyeE
kraiman9s,fsyddie9s@delicious.com,Male,diXSDmdW4J
jserotsky9t,gparley9t@comcast.net,Male,Mm11KE2AbPf8
ialtofts9u,joshevlan9u@feedburner.com,Male,uDs2BS
apaunton9v,areeks9v@java.com,Male,RtPmnQVPinz
cpearsall9w,tfuster9w@patch.com,Female,x2Q5GzyV
ttrout9x,dmelbury9x@booking.com,Male,BYOrd0xuymj
kbatchelder9y,kbrandrick9y@artisteer.com,Female,R5pMmDl5tCh
ccrain9z,npaley9z@kickstarter.com,Male,K5KtYgZqIocq
sjennisona0,ifaithfulla0@google.co.uk,Female,qGYC17
acampsalla1,iruprechtera1@reuters.com,Male,ivWaGB2
egeorgeoua2,mdavidofa2@wisc.edu,Female,KwxiT5sShY7P
hbatta3,jstockella3@mapquest.com,Female,RTArzYfEWf
nbellina4,apenna4@digg.com,Male,mKM0lZRDoo
fpickhavera5,emandrakea5@cbc.ca,Male,oE7FhhR
drostrona6,ttumeltya6@buzzfeed.com,Female,5pfq8b
eobriana7,riswortha7@seattletimes.com,Female,YsFRu4tWY8C6
ltrendlea8,bhuffadinea8@moonfruit.com,Female,xI9uXhE
sgoldfincha9,ppursehousea9@i2i.jp,Male,q8jlhK1TmN9
jlinningaa,lmcgonigalaa@cpanel.net,Male,jXMft29V
cwashingtonab,mcartmillab@ning.com,Male,aFwzJDPRyG
mbatesac,jdrustac@google.com,Male,3bMT7BfqgA
slightowlerad,ivedenyakinad@thetimes.co.uk,Female,pGaFMwcp72F
mjeppae,cgriffoenae@prnewswire.com,Female,DVjtC4nsF
tfranktonaf,ohucksaf@virginia.edu,Male,CtWfW29Lm89
sdunkirkag,fbrittanag@washington.edu,Female,vXxeI9pE3KE
fshevellah,kropertah@umich.edu,Male,eOqF6QUArn
farnetai,bmessamai@webeden.co.uk,Female,pAivapd3
sovendonaj,feckersleyaj@psu.edu,Male,xvF7u3
pcollingeak,bkummerloweak@multiply.com,Male,IEwzwBb8xDTy
kspellacyal,dvasilyevskial@latimes.com,Female,RyZ5pbfEI
pheaslipam,efreemantleam@amazon.co.jp,Female,NnJQwCEMo
eirwinan,wkinclaan@cargocollective.com,Male,EU1QVTaM4t
abindinao,slamyao@wisc.edu,Male,nV3hPHD
kbeardsellap,cgantap@dedecms.com,Female,GAVIPHD
bschulteraq,kchitsonaq@list-manage.com,Male,YnAdQTRbBT3
wlambornar,rlinkletar@pen.io,Female,2cT3QUDCE2v
aneildas,twarwickas@histats.com,Female,jeL2CGVy
ypauelat,dmontfordat@youku.com,Male,FSEcGvvx4p
ngilstounau,mflatleyau@shop-pro.jp,Male,WVPDv7IcaVC
kduigenanav,acowdenav@rediff.com,Male,gsfbusS
ebowkeraw,jsivioraw@blinklist.com,Female,oLz6Dz
bgosnayax,nblindeax@so-net.ne.jp,Female,MOeyrtyEf0
nmoyeay,ntwiggeay@amazon.co.uk,Female,6Mj4tBxA056R
gmatieuaz,cobernaz@webnode.com,Male,am574OPXztrF
tswainsonb0,cjordanb0@51.la,Female,6N5r6Ha4SY
abonomeb1,dbrideb1@yahoo.com,Male,WW5cwpwjyy
lgahaganb2,rwhitmarshb2@yale.edu,Female,lJByISkpzlJ
dhansberryb3,ncearleyb3@symantec.com,Male,Ik1tFLg6f
ndolanb4,rmarzellanob4@cdbaby.com,Male,HyaLjrJ
elivelyb5,kjosselb5@360.cn,Male,EkwbikBn
eilsleyb6,rbubbb6@wikia.com,Male,eyYPuZ
gpuzeyb7,hjothamb7@cnn.com,Male,EdHY36M
jraschb8,nfinkb8@theglobeandmail.com,Male,YlvuyxkjoC
mduddleb9,ovaenb9@scribd.com,Male,VU3zD2qJDo1V
pmineghelliba,sboydeba@opera.com,Male,3tGBVJNXST
plubbockbb,gbienvenubb@google.nl,Male,lNwtP3l9QTmi
hklagemanbc,lchisnellbc@comcast.net,Male,VKOYAiqvcuh
agarwoodbd,jclaypoolbd@miibeian.gov.cn,Male,aw3uFmG8ti1
ngallandbe,bviscobe@sun.com,Male,lMwp5tY4FA
sbuckerfieldbf,tblackstonbf@ucoz.com,Female,vgMk6TYbeTbG
oletrangebg,chabbertbg@cyberchimps.com,Male,Va6D3F0vPZ
cmckeanbh,ldillwaybh@usgs.gov,Female,i8yNCx8
ohawfordbi,esaterthwaitbi@alibaba.com,Male,b4V7aoQNDU3
meliezbj,awattersonbj@de.vu,Male,MpJV58rmTOy1
qwakebk,gsimcobk@bravesites.com,Male,dXI6dVlok
mfrodsambl,hpurbrickbl@jiathis.com,Female,wCa7nf
vcottagebm,jdenyerbm@ox.ac.uk,Female,HYz7cet2gxl8
eianizzibn,wmartinbn@irs.gov,Female,j1Jotyj
cyokelbo,lfredebo@unicef.org,Male,y2dXPIw846y
cdimsdalebp,gkoomarbp@nyu.edu,Male,ypT525NO
jmccrannbq,ytuminibq@sfgate.com,Male,kHUxwzzvghu
blampettbr,ekrzysztofiakbr@berkeley.edu,Male,HfaCATzZG
nburkebs,pgoodiebs@mit.edu,Male,iAuiZWC6q
ketheridgebt,whowarthbt@foxnews.com,Female,vMXmV16q
rpalmerbu,osaiensbu@mtv.com,Female,f9w1J5e9
pbellaybv,mholtonbv@angelfire.com,Female,MXdLEi8nhuw
wcaudrelierbw,ckorfbw@google.nl,Male,WX75mjM
mleithgoebx,lchantbx@howstuffworks.com,Female,gyGIwqp
wcosgryby,elawmanby@state.gov,Male,AT2RLpi1reFW
dheazelbz,eisackebz@ustream.tv,Male,GieVfi7qpLv
lbiddlecombec0,sbleezec0@whitehouse.gov,Female,OZeaicZ
vlawtyc1,amorefieldc1@imdb.com,Male,t0LXMVHQn
polczykc2,sstovinc2@nifty.com,Female,pJWJhd3PPj6e
btoppasc3,fbiddlesc3@independent.co.uk,Female,hjjROQuXQu8
sdunbletonc4,rgradonc4@smh.com.au,Female,P2w1AehWqau
klimonc5,lyakebovitchc5@tmall.com,Male,N5WbpRcJ
mciardoc6,dashbyc6@lulu.com,Female,p5aiRt6ByKc
ibastickc7,efeeneyc7@slate.com,Male,Pc41GCN
kbooseyc8,mpettingallc8@gnu.org,Male,ZRyfYgSQcl
alarrowayc9,bvannarc9@thetimes.co.uk,Female,0zuyHjeEZwh
gkirklandca,nseagarca@google.com.hk,Female,wkuaKo
nkeneleysidecb,uszymczykcb@globo.com,Male,4xfnhJkb2N5g
grufflercc,eoneillcc@cmu.edu,Male,XIbm5W2zU5
stockellcd,kfriescd@gizmodo.com,Male,GZjCriCCR0Iq
ccolletece,bfeechance@google.pl,Male,sAvrfxIX8fb
cglasebrookcf,pfraulocf@independent.co.uk,Male,NtUt41yW
ewyndhamcg,lgaskinscg@dailymotion.com,Male,4wG9cZ8
dlongfootch,phubandch@tinyurl.com,Male,JLFR3nLSV
pdykesci,lspeareci@yandex.ru,Female,ANy9gz
litzakcj,srizzardicj@naver.com,Female,R0liwWVb
dcayck,ksnowdingck@gravatar.com,Male,YNKQypEj9GX
alipmanncl,dstripplingcl@oakley.com,Female,I9gzAFuEp
fdemattiacm,bmccambroiscm@networksolutions.com,Male,8xYaubo
csiemoncn,alouchecn@wiley.com,Female,PmQEHSjK
dblountco,lsabbatierco@ed.gov,Male,xSLzkD3
awreakescp,cmartlandcp@uol.com.br,Male,ZYyU7EY1lY
gwillstropcq,vjamisoncq@360.cn,Male,1Zg7vN
mkembreycr,talmondcr@barnesandnoble.com,Male,qKiQvmq0P0
rfairneycs,hfitzalancs@imgur.com,Female,Nl1H7bzqMy
rashelfordct,csyredct@google.ru,Female,hHSX2QoSAi
smancecu,fmountcu@admin.ch,Male,pydvD8p
bdikcv,cskarmancv@tuttocitta.it,Female,HxEfNndp8t
agarrandcw,rropkescw@epa.gov,Male,ju0dX2aF
gconduitcx,tkrolikcx@reference.com,Female,zeqakGbcvE
kstainscy,bmintoncy@soundcloud.com,Male,UTGpbM0JUi20
ppigeoncz,rmacconaghycz@wsj.com,Male,tnRSvGGvn
npennoned0,kraveld0@php.net,Male,czjdht6E9lrf
cbisphamd1,csacksd1@theglobeandmail.com,Male,0FcOxPG3g8
bhelderd2,smingardod2@123-reg.co.uk,Female,2JdCzCqu
gmaclaughlind3,dhazelgreaved3@zimbio.com,Female,W0DFjn5fuG8z
maustind4,mbartrumd4@163.com,Male,6ZwnXM1jIVG
msleggd5,ncrucettid5@craigslist.org,Male,MF7Ce3
dbloxamd6,dstaited6@ftc.gov,Male,Y3CIWJcT
bcroisierd7,dhaytond7@tmall.com,Female,RJBndJBHFy
scicconettiid8,crealphd8@java.com,Male,bNVthiq5
kreekd9,djerched9@dropbox.com,Female,fUpp58iL77CL
hmacgilleda,gmcnultyda@bigcartel.com,Male,S2jApG2
ctouseydb,pchivralldb@unc.edu,Female,3LRaQWDG
sjohnikindc,spawelkedc@blogger.com,Female,msAJT0vu
kfaircleydd,aedlestonedd@privacy.gov.au,Male,y3fEiZRCzaP
blamplughde,acausbyde@squarespace.com,Female,ziclaT7WCl
hdamreldf,gromaynesdf@miitbeian.gov.cn,Female,qHZu1uPolN
vtoonedg,ssemeniukdg@google.com.au,Female,VdJIBVo2vJ0
pmunslowdh,tfostondh@is.gd,Female,KNdfNYoGQ42
fdunseathdi,mhaltondi@reuters.com,Female,OKlMNXG1VW
kjennemanndj,idoxeydj@mapy.cz,Female,pWkXjpPf
owistancedk,ashillittodk@homestead.com,Female,odgaWVY6Jhy
dfarradl,bsellensdl@rediff.com,Male,49PA9tu9qT
jprisleydm,kbillettdm@mayoclinic.com,Female,exH3bbV
ikinsleydn,jsnellerdn@blinklist.com,Female,quOHZoocJQ5o
wrhymerdo,wmarcussendo@apache.org,Male,HgacQrtj2uOX
rnorthdp,sfaulconerdp@bbc.co.uk,Female,2Gca6tUtw
ckleinfelddq,dparkeydq@virginia.edu,Female,KTq6vFGs
dgatecliffdr,ryouhilldr@pagesperso-orange.fr,Male,hWK8xFp4oP81
adrakesds,bcaffertyds@macromedia.com,Male,TGKTPUm
einddt,cfenkeldt@rakuten.co.jp,Male,rn4GBEPG3
rclaveringdu,lbarttrumdu@qq.com,Male,ovEvuLYvno1q
dlatheedv,cziemedv@webnode.com,Female,k4W4VM2o
bpollokdw,skochsdw@simplemachines.org,Female,RYesolOv7C
hskillittdx,rcadanydx@51.la,Female,qF70wfj
fsemirasdy,hlabadinidy@hao123.com,Male,eZiL93a
npieraccidz,nvlachdz@dailymotion.com,Female,psLhpu
hdopplere0,norcharte0@gnu.org,Male,VYwn7uJjP
gblythinge1,mshimonye1@cbc.ca,Female,tCS2UclxP
dlowerye2,rknowlsone2@lycos.com,Female,9bd90yO
aglisanee3,clowise3@tumblr.com,Male,ZHYahXtIotOB
pdequinceye4,cmargette4@drupal.org,Male,wOTi63JM
gmatchette5,bhuckine5@histats.com,Female,XrteGBk02b
bgatenbye6,gpetteforde6@china.com.cn,Male,ACq6XJjRUc
scheele7,rhymore7@weebly.com,Male,OgTqkuII6wOM
ewingeatte8,celieze8@sohu.com,Female,3Bjmiiw
radolphinee9,kfrankiewicze9@craigslist.org,Male,94DM14XQA
pperviewea,jhannibalea@huffingtonpost.com,Female,99hUmhiFpD
dbrabeneb,emarchameb@oakley.com,Male,XyTywBH
bholahec,jroughsedgeec@cbsnews.com,Female,vtZnhLFUV4
adesouzaed,mrubraed@mapquest.com,Female,KvK1trDdU
mbosseee,slessmareee@printfriendly.com,Female,IWR1E5PC
helderidgeef,tpiddockef@shareasale.com,Female,DESpz3y
parchambaulteg,gpayneseg@infoseek.co.jp,Male,9d7maLE
nuvedaleeh,kpressnelleh@myspace.com,Female,IN218tUV
hdungayei,rreastei@printfriendly.com,Female,EqU8M7ZrS
cpietraszekej,ptheussej@dailymotion.com,Female,wPU4INyNW
bbroshek,bgimletek@istockphoto.com,Male,1ZUwzEcz
kbaggelleyel,cwhitingtonel@barnesandnoble.com,Female,GiMOO3u1l9bP
ndouganem,ptipensem@narod.ru,Male,qUVfDOV
medlestonen,ssurgeonen@google.co.jp,Male,YlzQ8Lb
alewtoneo,ddorianeo@parallels.com,Male,p8qSqNjWm2s
dvictorep,khanselep@theguardian.com,Female,XxIhYn
jvellendereq,vdermotteq@oakley.com,Female,bL0b3dT40Fqh
srupper,lnehler@jimdo.com,Female,D6wLgpvf
jcrackes,ostandagees@arizona.edu,Female,aFdEUWrjikR
wtytet,jnisetet@joomla.org,Female,ssrzIqZM4lN
aluxeneu,fsaffereu@constantcontact.com,Female,h0bpPXwlk4
driddettev,nsextyev@addtoany.com,Male,0bTyGbpFmd
lbentzew,mwandreyew@stanford.edu,Female,bJS0hmq6nf
ldimmerex,sgreasonex@wordpress.org,Male,OuVAE2B
rpenney,sboyseey@cocolog-nifty.com,Female,WWhPirWz7
aruosez,wlaweyez@ucsd.edu,Male,aazPt4ckx65k
athurnerf0,mjakesf0@discuz.net,Female,J8I3H9H3Ko
jleachf1,jtudorf1@tumblr.com,Female,HSQWAYsHj3
ndarintonf2,pmacnultyf2@amazon.co.uk,Female,ZmOwoPD
lyanshonokf3,lforgef3@dagondesign.com,Female,X1Qb35wqj
lbodemeaidf4,bparadycef4@people.com.cn,Female,eYqPAtu
lfairsf5,cbanghef5@usa.gov,Female,iiUpIwvdioWM
bwrathallf6,enichef6@canalblog.com,Female,73sVlpof
hcaccavellaf7,ctwinamef7@cnn.com,Female,NmRF6x
dcristoferif8,sspringellf8@ocn.ne.jp,Female,b6vLNy1ug8Xe
cwoodrofff9,alabrenzf9@ezinearticles.com,Female,VS64b4LMBLs
ebradickfa,rchilleyfa@webeden.co.uk,Female,evpMzcuzhM
hedgerlyfb,mrookwellfb@ucoz.ru,Female,gC83eTBrcKjp
wyaldenfc,hbarrettfc@cisco.com,Male,ZuvrFmd4NgWt
mhubbersteyfd,rhansberryfd@flickr.com,Male,BinWqBRJBg
ahandrikfe,sspunerfe@behance.net,Male,IIgx8H
agallieff,mtapplyff@etsy.com,Female,1BzKMhvALLnh
ljosowitzfg,jperrellefg@mlb.com,Female,Mew6hcdADXsb
jchristallfh,cloddenfh@acquirethisname.com,Male,6bxND1co
dmangionfi,grissofi@seattletimes.com,Male,s8nXSpUjC3
rbullockfj,bemanuelifj@phpbb.com,Female,prmpqvHt
tbraunlefk,mchadwenfk@hostgator.com,Female,4J3S2d4K9
mmckinneyfl,llawrensonfl@vinaora.com,Female,PKXMv5
elithgowfm,gtomasuttifm@istockphoto.com,Female,93Ii7sNF
cniessenfn,mdockseyfn@guardian.co.uk,Male,4iqDKF0pR
rcalbaithefo,kbenningfo@last.fm,Female,bqve2O
hmckeemanfp,ceilhersenfp@nature.com,Male,5Y5Ufqe1DH
bchokefq,tsherlandfq@csmonitor.com,Male,ElfpUYh
cedmondsfr,hrattryfr@ezinearticles.com,Male,hZNPpysHdv
plosselyongfs,betockfs@mapquest.com,Female,9uTxiNv
lpunyerft,jbiscombft@flickr.com,Male,03q147u
gisaqfu,mbartletfu@geocities.jp,Male,IrbefE
tmacdougallfv,gciccarellifv@t-online.de,Female,FYu65CHYx6i
wlamersfw,galflattfw@samsung.com,Female,fRve6puL8o6z
olovatfx,wsitlintonfx@weebly.com,Female,8uFt3zWi0rq
lnuschkefy,lilifffy@ox.ac.uk,Female,404kNUwpYBeK
bskadefz,nhallgarthfz@wunderground.com,Male,bsiUbCu5CVa4
rbrunsdong0,msprottg0@bloomberg.com,Male,5UJZFawTfy0g
bfiremang1,glafflingg1@exblog.jp,Female,NbEM7N
ldallinderg2,jhuthartg2@unesco.org,Female,dfGXne9qYn0
sbaccasg3,sfossg3@businessweek.com,Male,oohet831
gbergstramg4,rsuddardsg4@miibeian.gov.cn,Male,2RK0BBHgdZvn
bhaythg5,stesterg5@marketwatch.com,Male,TUS7b5kvU
drameauxg6,tdellitg6@sphinn.com,Female,d9DmrNjkjojY
lchidgeyg7,bspadeckg7@omniture.com,Male,j04hMf
bidelg8,sbeardsleyg8@parallels.com,Male,pbamBn6T7z
cswithenbyg9,dmcdonellg9@netvibes.com,Male,Siv6Z7cvf0
ewigsellga,lconantga@ucla.edu,Female,zRvfgm0c
alefeuvregb,bfenichgb@ow.ly,Male,jfZqPMmTpcq
xpietruszkagc,efinklegc@about.me,Male,Kq7Osnw
etadgellgd,mkilborngd@shinystat.com,Male,hEqvOQ
gkerstingge,sjeanneauge@umn.edu,Female,oesdIb
tlagdegf,ffriesgf@weather.com,Female,QG6akW
jnannininigg,cstouthergg@liveinternet.ru,Female,5UIeqr
cvaleriusgh,kcaygh@hc360.com,Male,7nUXrPAhwZiO
odelanygi,tahlingi@indiatimes.com,Female,RwD8VX6z
fjudsongj,bantonignettigj@nyu.edu,Male,F2ShoHMS
wanthoingk,rpealinggk@storify.com,Male,KfP2lVv7hIx
aoldmangl,bhawardgl@hud.gov,Female,vdiXPLhj
gsaddlergm,cabramoviczgm@symantec.com,Male,hvWmxe
aluckiegn,ttrytsmangn@com.com,Male,5iNMOUYz
mmccaugheygo,nconvillego@soup.io,Male,sgCpGJCnKlTf
ccatherinegp,arollingsgp@hexun.com,Female,hjy7OG
smelluishgq,emidnergq@reverbnation.com,Female,OYCOzVzfjsuv
dmenguegr,tbownasgr@wordpress.org,Female,DxIRmNV5V
efattorigs,dglidegs@blogtalkradio.com,Female,uC9XnVLB54E
rbeckleygt,apeasegoodgt@wired.com,Male,cMYzg363e
jmordingu,zwraightgu@ow.ly,Male,AJgaWbg
chuxtongv,thatliffegv@forbes.com,Male,qVkA2xnnp
omcjerrowgw,smcmeekingw@amazonaws.com,Female,XuopZH
mpachmanngx,ascourgiegx@dion.ne.jp,Female,ynohYyB9mF
cverngy,rledburygy@walmart.com,Male,XfHQNwoO
kevettsgz,hcostygz@cnbc.com,Female,Ry5hvAFR7zqL
vrobardleyh0,cgolloph0@networkadvertising.org,Female,lUAu65DQdH4
tdomenyh1,mhammandh1@wordpress.org,Female,WiO0wtx3
drickerth2,ddormanh2@etsy.com,Female,gLXgHEPJa
smelvilleh3,vmanleyh3@networkadvertising.org,Male,pKX7kq5
chedgesh4,arosensafth4@upenn.edu,Male,kgctrBno
dpooreh5,dgiovanittih5@feedburner.com,Female,kUYFsRcEjE
gquesth6,bhurtich6@flickr.com,Female,7DJzifBp4Y
wcrumph7,ktweedyh7@ftc.gov,Male,YMNxPcFI
oyoudh8,mcanepeh8@npr.org,Male,yjKh7l7
ebosmah9,eagenth9@rambler.ru,Female,l0j3PEOVl8
wbruteha,dcoggerha@techcrunch.com,Male,S8RlHH17mL
msuffehb,gantramhb@rediff.com,Male,vdGK0ca
ogarrickhc,kropshc@go.com,Male,cNNiETad
ynearyhd,bkippinghd@cam.ac.uk,Male,lXraN2cYVRcJ
cleyninyehe,elennardehe@youtu.be,Male,MWL6xBGaE
dglazyerhf,boldfieldhf@elegantthemes.com,Male,nnBWTE
cgriffoenhg,wdivisekhg@home.pl,Female,FZZZHr
bfranceschinohh,adaviothh@g.co,Female,H4LUQ8g9X
mnealhi,equilliganhi@github.com,Female,Zu5GnrLWXaS
hblethinhj,fcorteneyhj@prlog.org,Male,E7MIH6
cloomeshk,tkinceyhk@acquirethisname.com,Female,oCCmZJLnk
dhaslehursthl,lklimashevichhl@nymag.com,Male,vRv98z1
gsweatinghm,vfoffanohm@auda.org.au,Female,hDAVpIGFct
tdaenshn,dastleyhn@freewebs.com,Male,b9z3OgJWdowX
gmcculloughho,abartaliho@bandcamp.com,Male,l8kctn
dbramfordhp,aheseyhp@go.com,Male,xFca7VjQQb
mgisleberthq,ldoodneyhq@purevolume.com,Female,DQ9Mkre
gbernadonhr,nanneshr@reddit.com,Female,QIDp3fXf
vwaterhowsehs,gellsonhs@mapquest.com,Female,KhKCoWD
ppainht,nfairestht@examiner.com,Male,AfSF5YH
ecasottihu,rpriddiehu@1688.com,Female,mmRtC7L
lrudgleyhv,ccohnhv@reuters.com,Male,03uTrg72W1
cbeneshw,gaxstonhw@msn.com,Male,bOa9LCq7NFrd
uphalphx,lroundhx@t-online.de,Male,NOJKb5PeerO
mnewcombhy,jpanniershy@blogtalkradio.com,Male,rZIgzmEQjVJZ
nduftonhz,mclemmenshz@vk.com,Male,RITCEKdtiB
jstrongmani0,cheatleyi0@moonfruit.com,Female,apD7FE
nlasselli1,bsleithi1@fc2.com,Male,WJClMcvP6kIx
swilsherei2,smcquilleni2@loc.gov,Male,4LRElg
sdegregorioi3,jrobertssoni3@oaic.gov.au,Male,7nzQnTQSFQxF
dcallami4,eavrahami4@networksolutions.com,Male,wGmbgUsCdoRA
cfulleylovei5,thackingi5@ask.com,Female,ObVu4qjmYN
csandercocki6,wslaymakeri6@goo.gl,Male,CM5wifB
oloinsi7,pcullityi7@smh.com.au,Female,4aBlvU
bfrenchi8,asmalridgei8@squarespace.com,Female,veyU7h5z
mjoslini9,aklimovi9@ning.com,Female,cVUItmkGGI
wdoxeyia,nbraundia@nydailynews.com,Male,ridb40V1U2
jharbarib,cbroadheadib@earthlink.net,Male,BtIBVXp
tgraveric,rveldic@cnbc.com,Female,oTNGTY
sdicarloid,lforkerid@163.com,Female,GR0B6ZdYR2NC
bbownessie,nhentzeie@spiegel.de,Female,F1Gpcm
gmaybeyif,wwillgooseif@feedburner.com,Male,UhFNIyaZ
jplomig,tpicklessig@tripadvisor.com,Female,1IYcGC
rmitchellih,cderwinih@amazon.co.uk,Male,LoxhglBy
sbrennonii,mwarmingtonii@chron.com,Male,XkicTO5rquO
kkleinpeltzij,cjenkinsonij@china.com.cn,Male,VMVnPgJ
riacomettiiik,nmerrettik@printfriendly.com,Male,Oqhxxm
fbeelbyil,lciceroneil@jimdo.com,Male,5nnHNwDH9
kgoldstrawim,mjeaninim@ca.gov,Female,uk8aQfWkBa
smacerin,lbramblein@state.gov,Female,DTW6pT
cpreio,gfooterio@census.gov,Male,AQp4OQA
ravramchikip,ebrushfieldip@chron.com,Male,1SKq86Of6KD
chanburryiq,mbokeniq@goo.gl,Male,sNK9sfEjrtfU
kalstonir,tpabelikir@utexas.edu,Male,Us0jx5dM0dH
bbrennekeis,lharteis@who.int,Female,VTF7GbCb4
ifirminit,tpaydonit@issuu.com,Male,sTjWCFf7
taspinaliu,gproffittiu@prlog.org,Female,jErFOE
cbroomheadiv,ikeneweliv@wordpress.com,Female,Ns0lg01t5ks
lwicklingiw,achaizeiw@unesco.org,Female,NgsT9ZqPzM
aitzaksonix,fenstonix@t.co,Male,oiq4NRLw
lrobertucciiy,cgrandissoniy@hatena.ne.jp,Male,EYoZoS9xt
apalseriz,asitfordiz@surveymonkey.com,Male,BMoEn4MDBsjq
wpoytressj0,eyeardsleyj0@admin.ch,Female,Xumn9xB
aankersj1,aeldersj1@seattletimes.com,Male,WFzJTU
fcauseyj2,klatusj2@mapquest.com,Female,ScVfuX
fcameronj3,jhukinj3@hc360.com,Male,QvVbTZ
blearmonthj4,hneilsonj4@miitbeian.gov.cn,Male,2ePBkA2
ksheptonj5,eupstonej5@ow.ly,Female,CuO1ccaw
mtremoillej6,gluskj6@imgur.com,Female,xh80uT6T
droozej7,cpolyej7@ebay.co.uk,Female,TbXVonqKYzmD
abrychanj8,tgreensetj8@washingtonpost.com,Female,TYJ1sRAuWw
rsignj9,fdownagej9@godaddy.com,Female,d3v1Xr1c
lbahdeja,gclinningja@ox.ac.uk,Male,GRA2to1K3
jcosterdjb,lfunnelljb@google.ca,Female,cZX9z478rjD
vvanderkruijsjc,lruminjc@xinhuanet.com,Male,HqtK6tv4Fah
lexroljd,dhuberyjd@arizona.edu,Male,itdBy6p3N
cdinesenje,teuesdenje@macromedia.com,Female,5uyLhpYN
dwollrauchjf,cdunkinsonjf@mozilla.org,Male,enYnB2
credholejg,ppetzjg@virginia.edu,Male,k1ZSbk0N4hy
kcrucesjh,obodleighjh@google.co.uk,Female,MympQVZ
ktidbaldji,mdrackfordji@tripadvisor.com,Female,thG86yY7
bburghilljj,ggillingjj@google.ru,Male,Bn0fInjoRJQr
lwalbyjk,ltackerjk@so-net.ne.jp,Female,9YTIvE4
fcolesjl,amenichellijl@elegantthemes.com,Male,6dtWSyHJ
cdrynanjm,owarretjm@eepurl.com,Female,KYyzrsaf3z
klaterzajn,abyronjn@spotify.com,Female,V0wkilKU
llockhartjo,dvarnamjo@wix.com,Female,D8Dh5v7F
lpeeverjp,jbeinckenjp@google.com,Male,y3Era4X4wHPV
cyoudjq,cpatriejq@bloomberg.com,Female,POuQel
sducketjr,kstookjr@addthis.com,Female,shri6ht6Yl8
khardestyjs,flesurfjs@state.tx.us,Female,KBKwJ2KYJ
fclaridgejt,ddubockjt@nba.com,Male,nyJ2k6Xll
achildsju,msalisburyju@state.tx.us,Male,7plL6JBt
lvialjv,fkynochjv@plala.or.jp,Female,EjGQs5W
ebassettjw,rguittejw@alibaba.com,Male,cyKTDrABTGd
bmichelottijx,aprozillojx@baidu.com,Male,rAIftnyl
mellsjy,cmossmanjy@army.mil,Male,xI8uoaH
slettucejz,ljochensjz@yahoo.co.jp,Male,KEggGuRBjW
jbatchelderk0,rdudsonk0@ebay.co.uk,Male,a77SMqye
aboathk1,wblandamorek1@usa.gov,Male,4ZwBSDQmM
lmackilroek2,sfountaink2@nature.com,Female,P7Hfzdzt
nvitlerk3,wlemasneyk3@google.de,Male,ueMiwgB2p
byeudek4,wmaronk4@nyu.edu,Male,tNXb6B8Rp
cmaiseyk5,wklarzynskik5@google.co.jp,Female,fe1upsM0Sk
vkunatk6,arodenburgk6@umich.edu,Female,poZWAl
imenghik7,spragnallk7@google.com.hk,Male,v6kudC
rmalesk8,thumblek8@usda.gov,Male,fLXJ8rPba
pcordeyk9,clauderdalek9@youku.com,Male,gCjLZgIiJf
nstrathernka,rwincottka@mashable.com,Female,Ryjmt1MyLOR
hchristenekb,mberankb@purevolume.com,Female,YkT40NCcxc
smatfieldkc,emcpeakekc@wufoo.com,Female,NxQtgm8
npawsonkd,bcursonskd@usa.gov,Female,Ci3rJ9Ae
mcostellowke,rmacknielyke@nbcnews.com,Female,qbIUGh2FN0
bbarfootkf,jsimminskf@cam.ac.uk,Female,qi5eMa
sapplewhitekg,wplaylekg@cdc.gov,Male,a8B4nPL
kuffkh,nlidgardkh@hao123.com,Male,TMY7dcst430e
ltroakki,lmacascaidhki@businessweek.com,Female,82sj5f7
bfinnerankj,dfinessykj@sogou.com,Male,XdRE8x2u
ggriggskk,kburdellkk@github.io,Female,XLCKDFR
fellskl,zepsleykl@ucla.edu,Female,axLJIVUTb
dbeckhamkm,tbaskeyfieldkm@ycombinator.com,Male,zpzVASk
spumfrettkn,jmortlockkn@csmonitor.com,Male,abHai0
eantunezko,mgoeringko@bluehost.com,Female,iUaGHeOuT
fwraightekp,epaumierkp@nationalgeographic.com,Male,OwmCIiaC
lhadgkisskq,dnewekq@cloudflare.com,Male,P3YDh40p6dMH
jbassamkr,rlowthorpekr@craigslist.org,Female,5eLfhIRLmc
sshrimplinks,dshutteks@sciencedirect.com,Female,8CjXASD
hlamperdkt,vmallyakt@smh.com.au,Female,0hr5eubrRLMV
dwardropku,amossku@prweb.com,Female,1hOt0S9
cbartosiakkv,wocollopykv@list-manage.com,Female,4T5Pkpf
mmattonkw,dgrewcockkw@gnu.org,Female,rYB83As
lgarlandkx,tmcpeeterskx@ibm.com,Female,9QEtmwJE2UUG
bwalderaky,gduligalky@over-blog.com,Female,cRkXpNLxYNCz
jkeayskz,rseigniorkz@columbia.edu,Male,kCZhJM
awillderl0,mbichenol0@zimbio.com,Male,UlJKBhZaH56
sallkinsl1,ugrottyl1@gravatar.com,Female,pfZSf5JS2M
swesonl2,vfarhertyl2@census.gov,Male,Y89TtWPB
bjenckenl3,mhaltonl3@buzzfeed.com,Male,kFAxMmwXsGv5
amardlingl4,mhiersl4@vistaprint.com,Female,o4yzfu78b6ik
amacneachtainl5,ecosgreavel5@samsung.com,Female,tSn7BgWsxJw6
achavezl6,cthomssonl6@blogs.com,Male,oVo19wgOWf
icolkettl7,ewaterdrinkerl7@prweb.com,Female,4kfysHK
ctinkl8,rboatl8@flickr.com,Female,7vGiU3cPpy4
dshrievesl9,pgergerl9@acquirethisname.com,Female,t6WC2HM1DIib
drobackla,mmcneillla@icio.us,Female,DDJrgPk4QNy
agrinaughlb,hantracklb@shutterfly.com,Male,FEc2p8WYh
lmckevinlc,ggirkelc@microsoft.com,Female,3mvalw
mhendrichsld,kheninghemld@parallels.com,Female,iPCGWTCj4OGW
mbruggenle,ppaolinole@ucla.edu,Male,dwyfVfypbCQ
eturnelllf,ulangdridgelf@mac.com,Male,oMFoarnz
chewkinlg,cnickelllg@freewebs.com,Female,8d6ops
tcoutthartlh,bacunalh@163.com,Male,B2UYZ3uyINp
abensonli,reasemanli@privacy.gov.au,Female,kuN57Eej5
amuneelylj,cwoodsonlj@wordpress.org,Female,lslMga
slondorslk,gmogridgelk@youtube.com,Male,vtsdLijnTis
dhandscombell,rmcaleesell@blogspot.com,Male,AiQmlDZ
pblanchettelm,vmacianlm@wufoo.com,Female,jf5MJNk00i1e
ejonathonln,jblissln@bbb.org,Female,9aPuP0f
gcorlettlo,ihammanlo@desdev.cn,Female,VGiy4hVi
bgilderslp,bmartellp@ed.gov,Female,LotrFJ
ggunthorplq,sdyetlq@marketwatch.com,Female,f25pUP
mkayleylr,leltunelr@ucoz.com,Male,7JWaEX
dpavkovicls,lreavellls@webs.com,Male,GJmy2PE
dstoltinglt,shiddylt@youku.com,Female,wqYSpM2m0H8Q
saingelu,djeremaeslu@twitter.com,Female,xOmkA4W
clincolnlv,aolliffelv@amazon.co.uk,Male,Fh490EV7onbw
spockeylw,ddimblebylw@huffingtonpost.com,Female,cnND2Nly
cjancylx,lkamanlx@mozilla.com,Female,RGsNT0hAK
gmaragesly,bhawkeyly@dmoz.org,Female,A3z20ydiPdk
gmancelllz,ldesquesneslz@newyorker.com,Male,KWGOoypf
jrudingerm0,wkochm0@twitpic.com,Female,JeinZFVsg9
jpernellm1,jfurzem1@histats.com,Female,iNbi3kAf
ajeunem2,mrasorm2@vinaora.com,Female,DvaxOk
fdingm3,lcrewem3@example.com,Male,drnirtKcqD1A
dbrunnenm4,sstowgillm4@blinklist.com,Female,XRyjiHf
uwindibankm5,lbrooksbankm5@huffingtonpost.com,Female,t5LzAIF21507
amerigonm6,olapthornem6@constantcontact.com,Female,l5MpgNd
dgalliverm7,xenrdigom7@europa.eu,Female,09aTv1VZvjW
tsamsinm8,dfraulom8@amazon.de,Male,1pp0ADsOk
froelsm9,cduddellm9@about.me,Male,x2ljEz3zH
marnaezma,fpaolilloma@sina.com.cn,Male,pbjvst8RE
opaulillomb,smontmb@icio.us,Female,GPD2Bax9
ldavidovitzmc,ksantoromc@free.fr,Male,nF3xdTPa8D8
kolivazzimd,cwinscummd@omniture.com,Female,hNlE2HU6oB
msheridanme,asnuggsme@biglobe.ne.jp,Male,buQqXEqR
tlawlymf,hhoppnermf@feedburner.com,Male,z9s5qccEkhW
bmcdunlevymg,ddackmg@house.gov,Male,5QCSvjR4rqr8
nhardwaymh,sspearingmh@mtv.com,Female,eDnnxDN
ckaplinmi,everginemi@reddit.com,Male,QTHEaka
ebettinsonmj,bfieldersmj@sina.com.cn,Male,ivibhP
hschimonekmk,dhumpherymk@google.ca,Female,1rfJzQME3
rmaytumml,dmayouml@yelp.com,Male,4eVb8ScKZL
egengemm,afanthomemm@yahoo.com,Male,2jjS3MROJfRv
sdorinmn,kcockrammn@weather.com,Female,2E2tCCr
locorranemo,fcovelymo@washington.edu,Male,68jX9CSrDN
ddovingtonmp,ggerssammp@blogtalkradio.com,Male,wtHZNHq3gT
gbrettlemq,tnewcomemq@webeden.co.uk,Male,0Xw2l9f2LLf
bloisimr,ajexmr@networkadvertising.org,Female,Tihfur
akennetms,ahallardms@oracle.com,Male,AtdLN6Pxm5D
hzanittimt,lacottmt@whitehouse.gov,Female,sa6b6zpo3Vd
edonkersleymu,sboldtmu@blog.com,Male,8R8P35AueepL
mmcfaulmv,esketchmv@sciencedirect.com,Female,Un2XLH
wcoldridgemw,baskhammw@who.int,Male,JY2d2zV
kloughheadmx,fwilleymx@booking.com,Male,l0cH4xrMa69s
cschowenburgmy,llampkemy@patch.com,Female,mewByQT7
mdegregariomz,mgoselingmz@instagram.com,Male,pTSIYeH1hM0
ltunnn0,fhealingsn0@github.com,Male,0rQUYMQvmC
iburdounn1,kblessedn1@gov.uk,Female,wT0tRX
crootsn2,dmaghulln2@ucoz.com,Male,x5Hv8t
askittlen3,cdultonn3@miitbeian.gov.cn,Male,dsSVnKL
lselkirkn4,dsucren4@techcrunch.com,Female,DKus8ypoNbZL
wgleedn5,nthornthwaiten5@narod.ru,Male,fXHuZLh
mdelasallen6,sbohmann6@webs.com,Female,JylrFp5mUpMw
lrubenfeldn7,pterbeekn7@foxnews.com,Male,N3G5vESdFF
cstollen8,fmenichillon8@ibm.com,Female,kA2LS8XvZF50
npendleberryn9,dlustyn9@clickbank.net,Female,1HtGaniB
gpetraccina,krosenblattna@constantcontact.com,Male,VfBjdgwGW
kceliernb,hbroadfieldnb@bloomberg.com,Male,2AlfCVyC2I
hculync,awalfordnc@etsy.com,Male,CKDqnj
mferrymannd,vmatterisnd@businesswire.com,Female,YA6ESQOrNF7
ealdayne,ecarnsonne@youku.com,Female,eGXvXxuUA
wraouxnf,jshilitonnf@webnode.com,Female,uzl03J
jjackmanng,jmathiesonng@issuu.com,Female,PMPfSUwmg
aklimentovnh,abusfieldnh@ocn.ne.jp,Male,dd5lLe
troathni,vbrandoni@networkadvertising.org,Female,O6Gj6qSYHWbZ
bpointsnj,dhailenj@wikispaces.com,Male,6YzhWED
bcockburnnk,jdevoynk@livejournal.com,Female,x4MpYc
begelnl,zondrusnl@indiegogo.com,Female,pQRTUIoi
rcoilsnm,cservisnm@blogtalkradio.com,Male,baTon9FZ9am
hbassamnn,nmucklonn@tinyurl.com,Male,kh0qVlHJOE
wstobbsno,ntolumellono@elegantthemes.com,Male,X6fkRTfE
fbenedttinp,ascaddonnp@photobucket.com,Female,RvJLGQuC
hgartshorenq,ebegentnq@irs.gov,Male,zeHMui0A
mjudronnr,aqueenboroughnr@icq.com,Female,KjZkHu0tQ
kcresarns,bsieghartns@bbc.co.uk,Female,ObpOkEnVT3
psimpsonnt,eohanlonnt@sciencedirect.com,Male,55X3M8zl7J0
cboatrightnu,sharrellnu@noaa.gov,Male,F2UyCVN
kpachtnv,emarlownv@google.de,Female,RLR8YO
pcantuanw,crileynw@statcounter.com,Female,iKaSfL
cmcgheenx,rcoweynx@taobao.com,Female,syrT5oDezA53
atomeony,wcleallny@mtv.com,Female,V9FP5C2Zd
sherreronz,jkaesmakersnz@biblegateway.com,Female,YOgGXr
lcullo0,castallo0@kickstarter.com,Female,Do6eZI
jeveringtono1,ddealtryo1@biblegateway.com,Male,5MpJci44Yq
pkleinermano2,shockello2@whitehouse.gov,Female,a0fufjjWB
rteissiero3,asharratto3@wix.com,Female,22WEGSR3yhrb
kinfanteo4,cswordo4@uol.com.br,Female,JMBI0A
rguillilando5,jshafeo5@yahoo.co.jp,Male,UpvMXA
mosullivano6,lstalmano6@icq.com,Female,GRPwFArsF
sdaniello7,scomleyo7@tripadvisor.com,Male,bVu0dpMUFeP
bbilovskyo8,jrenhardo8@marketwatch.com,Male,Y1DEi18lV
fbuttricko9,nmackiewiczo9@vinaora.com,Male,tnXSzZsK3yy
shinkensenoa,mvasechkinoa@auda.org.au,Female,yhhal2M
marlowob,tfynesob@washington.edu,Male,LFkp8yZr0SR
dtaveneroc,dkeartonoc@bravesites.com,Male,nUZ7VG37A
mstrathdeeod,zbloomerod@walmart.com,Female,HBvTqA
ndungeoe,jledwardoe@redcross.org,Female,rCjDZx0hN
aiacovinoof,rbarefootof@dyndns.org,Male,xjP3yixDaR
bfoggartyog,tsedenog@slideshare.net,Male,o2c5yrt49B9
bbulcockoh,lmcgeadyoh@elpais.com,Female,RBw3QQTDLpaV
spurkissoi,tdrennanoi@blogs.com,Male,C7s8BJe
lrawdalesoj,kmccarveroj@bluehost.com,Male,dRX4KNKbG
eaaronsok,wyarnok@ocn.ne.jp,Female,5AFpEz
tpaulettool,esalackol@simplemachines.org,Female,6dDHlCJi
gbradburneom,eteanbyom@tinyurl.com,Female,9obwyNA9
yromneyon,gpantridgeon@usnews.com,Female,KB2FwPBrM
cdaftoroo,rlatteroo@icio.us,Male,inCOZZBGx
egrestyop,rscoldingop@tinypic.com,Male,tXDDk4z
klemerchantoq,gquinceeoq@amazon.com,Male,MA60CJ0
igariffor,ptyndallor@sogou.com,Female,mrwh1z4
rdibdenos,ohudlessos@typepad.com,Female,Iw5wQvMcQ1k
nsuttillot,aedmettot@earthlink.net,Female,0GkbYU5J9
asiwardou,mdamiou@google.nl,Male,jIIbNheJ9dm
kleppardov,criveov@topsy.com,Male,gF8j2q7
lgoodyerow,hhammandow@tinypic.com,Female,6xgINIyzaK8
ajiracekox,shallgathox@phpbb.com,Male,VCUJBbM
pfliegeoy,gtumasianoy@imdb.com,Male,VD2XeN7
jfedderoz,ktroyoz@nifty.com,Male,FoHM8vva
wzywickip0,cfrodshamp0@ucla.edu,Female,sKWGqsdR
griccettip1,ktantrump1@dyndns.org,Male,xIcZuOYauph
bjansemap2,cerikssonp2@dailymotion.com,Female,db9yth0QpM
ddowglassp3,aelphp3@bizjournals.com,Female,hnE0WUy
mmaclavertyp4,rforrestorp4@yellowbook.com,Female,L5NKid
dcurlep5,chydesp5@cam.ac.uk,Male,jz1apzjJxs
cballardp6,gkleinbaump6@ocn.ne.jp,Male,KECN8adgjOX
gmusselwhitep7,ecasseldinep7@bloglines.com,Female,rv0WjLQ
ctoveyp8,vwickensp8@domainmarket.com,Female,oJQLx7gz
vochterloniep9,bcumberlidgep9@oaic.gov.au,Female,U9SmqPgpMoFt
bsimpkinpa,jclemencetpa@state.tx.us,Female,Zsr9C1sU
kgascoyenpb,mharkerpb@bizjournals.com,Female,iitO23r5mP
sbulledpc,gpassepc@walmart.com,Male,hDcXU59a
cmacerpd,caberkirderpd@yandex.ru,Female,mKGqZpdrp3r
fschwandtpe,slinchpe@wufoo.com,Male,P13Ttj9XJdk
gsellspf,bfreirepf@fastcompany.com,Female,cQ53JsQfj7
zgrishanovpg,vdubarrypg@cloudflare.com,Male,O9NNhcNnMWA
gkinghph,plabroneph@list-manage.com,Male,zYQyyPps
jfewkespi,wfoanpi@sogou.com,Female,WLTsBD2JV
sscatchardpj,csillypj@booking.com,Male,RwPHhi
rrupelpk,streespk@google.com.br,Male,ZTIgOZUqRIE
cfinchampl,mklulicekpl@vimeo.com,Female,LMEziI9Wf8HW
dfrapwellpm,jlomenpm@wordpress.com,Male,Mr8J4l
cseillerpn,avaleriopn@marriott.com,Male,wyZ7lra5
shuffapo,chendrikspo@infoseek.co.jp,Female,gsTafKm236
mplumptrepp,cyanshonokpp@mozilla.com,Female,bG4iRAeQjBN
mbocockpq,mfulbrookpq@mapquest.com,Male,OP3jJxdRuv1
aybarrapr,pgleadhellpr@wix.com,Female,hfCUXLXM4bmv
aryamps,kshopcottps@imdb.com,Female,RIrVj9
drecklesspt,dmadginpt@icq.com,Female,rzgpkuUtq2
jcammishpu,ecosinspu@homestead.com,Female,YUvXOjtwo
geaggerpv,cdovidianpv@loc.gov,Female,gOYT9PO3
klinningpw,ltrytsmanpw@nifty.com,Female,cavR4CgW
oharrismithpx,fkavepx@census.gov,Female,NGYM8WqC
csplevinspy,etargettpy@state.gov,Female,x875JDFqX
pboothepz,apyepz@sourceforge.net,Male,OcAuOvk
rkibbelq0,tpeabodyq0@nytimes.com,Female,aPE5E8mzrCL
gmeakeq1,kallsobrookq1@naver.com,Female,69ucouLsAe7B
hpudseyq2,ftreversq2@kickstarter.com,Female,dWo9VjI
jtydemanq3,vkellieq3@businessinsider.com,Male,6qMKIq9
cbaniardq4,fmountlowq4@wikimedia.org,Male,IrgoCeVY
rdiwellq5,igeereq5@umn.edu,Female,XcGxGhGXgf1Y
sczapleq6,alambolq6@netlog.com,Male,LxqfnGHOFZ
breitenbachq7,cmolesworthq7@paginegialle.it,Female,SalAsB9mb9
mszymanekq8,jspaltonq8@paginegialle.it,Female,1weur6jper
mcassellq9,bascraftq9@wikia.com,Male,gyX2j3Xx
eschelleqa,mcaleyqa@newsvine.com,Female,H50WYHI
lspellacyqb,lorowaneqb@nytimes.com,Female,J9IgSI3XS
wcoulstonqc,mabramowitchqc@mediafire.com,Female,4jSeeID7h
qeglinqd,mcaveqd@reddit.com,Male,iKjKKXQVL0Lo
bprodrickqe,emacadieqe@bluehost.com,Female,dobK33f
bgrigoryevqf,lcostanqf@oracle.com,Male,PGPwRR4
bfrenzlqg,jloidlqg@alibaba.com,Female,8a233dEdd
mtroubridgeqh,cloomisqh@bigcartel.com,Female,UWvRqo7Bv3oN
femmaqi,lheinleinqi@sina.com.cn,Male,nktaO7XcdAG5
tdreigherqj,wmoehlerqj@xing.com,Female,6KYHJqBWLfU
dwoollheadqk,hsabbatierqk@ask.com,Male,203pg9Y
ajakoubekql,cenderleinql@utexas.edu,Female,4jPTfWbDCkl
kportingaleqm,rphilippeqm@netscape.com,Female,5LAm88DgDPR
ssimonnetqn,dmillionsqn@phpbb.com,Male,fi7xOIbN
mpinckardqo,ddoddqo@mapquest.com,Male,hzgOlMU8zOh
jgraysmarkqp,pswinglehurstqp@printfriendly.com,Male,Cc8HTg
fcristofaloqq,gmatthiusqq@devhub.com,Male,mX4SQP6r
tgoterqr,cconlonqr@icq.com,Female,Knd0ginJFZ7
jocarrollqs,bcaswallqs@networksolutions.com,Female,fAuMIG2uK
ckochlqt,sscolaqt@oaic.gov.au,Male,1o2Xv9FqA
tfinbyqu,kbaroschqu@mozilla.com,Female,6t4OQ0bz9GO
dsibaryqv,cbawdenqv@time.com,Female,m8yaAZ
gsumnallqw,mlakendenqw@mac.com,Female,bP2vMk1e
flawrencesonqx,aarsnellqx@wikia.com,Female,nF1sPHZq
brosbothamqy,rlawleeqy@angelfire.com,Male,lXdY1uLJAA
caitkenqz,fhuzzeyqz@nationalgeographic.com,Male,73NdADNd0
kbanthamr0,stremayler0@oakley.com,Male,TZfByzL
lgearingr1,jeringeyr1@apple.com,Male,zXEZjY
ndedomenicor2,sschader2@yale.edu,Female,O8mTE8V
rlowder3,lottewillr3@flavors.me,Male,gS26BU
nsugger4,nlissemorer4@ted.com,Male,zeY2UGYdLtl9
ewitherdenr5,beversleyr5@usgs.gov,Male,iIWfVjbp85gL
adanielsohnr6,jdehailesr6@twitpic.com,Male,Ex0WMtyFVG
mstolworthyr7,vhinschr7@dagondesign.com,Female,mqWU9RRFbU
gwillbrahamr8,hfarbracer8@businessweek.com,Female,SvSWAVqe
cdunseithr9,bhinkensenr9@ihg.com,Female,eYmgU9
vpagramra,mpirrira@nytimes.com,Female,INl6FsKEAk
hberesforerb,rcochrb@tumblr.com,Female,4mJWiXq8YJ
cabrahartrc,cwindlessrc@networkadvertising.org,Female,aKDAhVK
papfelmannrd,rtuiterd@mozilla.com,Female,HpE1tUptx
hdortonre,nnibleyre@wikipedia.org,Female,S6I6gOoqoB
spetrushkevichrf,gmowenrf@digg.com,Female,vfahxG5em
afakeleyrg,wportisrg@amazon.co.jp,Male,BX8IQY
jeburnerh,lmoggrh@thetimes.co.uk,Male,kTiodT
nbeckettri,bcapinettiri@whitehouse.gov,Female,lMDxG2dp
bcolebournerj,lwhartonrj@dion.ne.jp,Female,CU2jEt
jpolinrk,bwilborrk@about.com,Male,6nro0CfwD
ndishmanrl,cbodegarl@statcounter.com,Male,OS1gPSHgKK
bsealandrm,rschulkenrm@scribd.com,Female,vjbq9js1ryx1
wluetchfordrn,patmorern@w3.org,Female,fgDauwu
phattonro,afollitro@jimdo.com,Male,uy88AwT4ci
tmaffionirp,dcantwellrp@seesaa.net,Female,JAKtLKbd
brubinowitchrq,rhornungrq@skyrock.com,Male,LS8P3iqK
ncripinrr,agilliamrr@furl.net,Male,yH4lYRId4Jj
